<?xml version='1.0' encoding='UTF-8'?>

<c3p0-config>
    <!-- 默认配置  创建连接池对象时，默认是加载该配置信息-->
    <default-config>
        <property name="driverClass">com.mysql.jdbc.Driver</property>
        <property name="jdbcUrl">jdbc:mysql://localhost:3306/tmall?characterEncoding=UTF-8</property>
        <property name="user">root</property>
        <property name="password">0103</property>

        <property name="initialPoolSize">5</property>
        <property name="maxPoolSize">20</property>
        <property name="minPoolSize">5</property>
        <property name="checkoutTimeout">3000</property>
    </default-config>
    <!--为oracle提供的配置 创建连接池对象时，可以指定命名加载配置信息-->

    <named-config name="oracle-config">

        <property name="jdbcUrl">jdbc:oracle:thin:@地址:端口:ORCL</property>
        <property name="driverClass">oracle.jdbc.driver.OracleDriver</property>
        <property name="user">root</property>
        <property name="password">12345</property>
        <!-- 池参数 -->
        <property name="acquireIncrement">3</property>
        <property name="initialPoolSize">30</property>
        <property name="minPoolSize">2</property>
        <property name="maxPoolSize">50</property>
    </named-config>

</c3p0-config>